k,accuracy,attack success
1,0,0.01688048641173641
5,0,0.04605952496577499
10,0.0003156565656565657,0.04605952496577499
20,0.0003156565656565657,0.04605952496577499
40,0.015617860149110152,0.04605952496577499
