k,accuracy,attack success
1,0,0.016754223785473785
5,0.021870085932585905,0.05670586252972625
10,0.025894707144707124,0.05670586252972625
20,0.03074229011729008,0.05670586252972625
40,0.03557719900049444,0.05670586252972625
