k,accuracy,attack success
1,0,0.029727676220567233
5,0.03163394267659672,0.05728014744602415
10,0.03322425336643347,0.05728014744602415
20,0.04059649671024076,0.05728014744602415
40,0.06303800727971338,0.05728014744602415
