k,accuracy,attack success
1,0,0.006696005416384564
5,0,0.05151019333483783
10,0,0.05151019333483783
20,0,0.05151019333483783
40,0.027822914315805327,0.05151019333483783
