k,accuracy,attack success
1,0,0.015302203583453584
5,0.021870085932585905,0.053851078424942134
10,0.025894707144707124,0.053851078424942134
20,0.030607008732008695,0.053851078424942134
40,0.03557719900049444,0.053851078424942134
